Year,Selling_Price,Present_Price,Kms_Driven,Fuel_Type,Seller_Type,Transmission,Owner,Car_Age,Mileage_per_Year,Log_Selling_Price,Log_Kms_Driven,Age_Group
2014,3.35,5.59,27000,Petrol,Dealer,Manual,0,12,2250.0,1.208960345836975,10.203592144986466,Old
2013,4.75,9.54,43000,Diesel,Dealer,Manual,0,13,3307.6923076923076,1.55814461804655,10.668955394675699,Old
2017,7.25,9.85,6900,Petrol,Dealer,Manual,0,9,766.6666666666666,1.9810014688665833,8.83927669058535,Medium
2011,2.85,4.15,5200,Petrol,Dealer,Manual,0,15,346.6666666666667,1.0473189942805592,8.556413904569519,Old
2014,4.6,6.87,42450,Diesel,Dealer,Manual,0,12,3537.5,1.5260563034950492,10.656082191739493,Old
2018,9.25,9.83,2071,Diesel,Dealer,Manual,0,8,258.875,2.224623551524334,7.635786861395585,Medium
2015,6.75,8.12,18796,Petrol,Dealer,Manual,0,11,1708.7272727272727,1.9095425048844386,9.841399360222706,Old
2015,6.5,8.61,33429,Diesel,Dealer,Manual,0,11,3039.0,1.8718021769015913,10.417179065715164,Old
2016,8.75,8.89,20273,Diesel,Dealer,Manual,0,10,2027.3,2.169053700369523,9.917045230468194,Medium
2015,7.45,8.92,42367,Diesel,Dealer,Manual,0,11,3851.5454545454545,2.0082140323914683,10.654125036299098,Old
2017,2.85,3.6,2135,Petrol,Dealer,Manual,0,9,237.22222222222223,1.0473189942805592,7.666221925662725,Medium
2015,6.85,10.38,51000,Diesel,Dealer,Manual,0,11,4636.363636363636,1.9242486522741338,10.839580911706463,Old
2015,7.5,9.94,15000,Petrol,Dealer,Automatic,0,11,1363.6363636363637,2.0149030205422647,9.615805480084347,Old
2015,6.1,7.71,26000,Petrol,Dealer,Manual,0,11,2363.6363636363635,1.8082887711792655,10.165851817003619,Old
2009,2.25,7.21,77427,Petrol,Dealer,Manual,0,17,4554.529411764706,0.8109302162163288,11.257090835957568,Old
2016,7.75,10.79,43000,Diesel,Dealer,Manual,0,10,4300.0,2.0476928433652555,10.668955394675699,Medium
2015,7.25,10.79,41678,Diesel,Dealer,Manual,0,11,3788.909090909091,1.9810014688665833,10.637728690631034,Old
2016,7.75,10.79,43000,Diesel,Dealer,Manual,0,10,4300.0,2.0476928433652555,10.668955394675699,Medium
2015,3.25,5.09,35500,CNG,Dealer,Manual,0,11,3227.2727272727275,1.1786549963416462,10.477287975463508,Old
2010,2.65,7.98,41442,Petrol,Dealer,Manual,0,16,2590.125,0.9745596399981308,10.632050138317028,Old
2016,2.85,3.95,25000,Petrol,Dealer,Manual,0,10,2500.0,1.0473189942805592,10.126631103850338,Medium
2017,4.9,5.71,2400,Petrol,Dealer,Manual,0,9,266.6666666666667,1.589235205116581,7.783224016336037,Medium
2011,4.4,8.01,50000,Petrol,Dealer,Automatic,0,15,3333.3333333333335,1.4816045409242156,10.819778284410283,Old
2014,2.5,3.46,45280,Petrol,Dealer,Manual,0,12,3773.3333333333335,0.9162907318741551,10.720620712877064,Old
2013,2.9,4.41,56879,Petrol,Dealer,Manual,0,13,4375.307692307692,1.0647107369924282,10.948681483450565,Old
2011,3.0,4.99,20000,Petrol,Dealer,Manual,0,15,1333.3333333333333,1.0986122886681098,9.903487552536127,Old
2013,4.15,5.87,55138,Petrol,Dealer,Manual,0,13,4241.384615384615,1.423108334242607,10.917594412610574,Old
2017,6.0,6.49,16200,Petrol,Individual,Manual,0,9,1800.0,1.791759469228055,9.692766521220475,Medium
2010,1.95,3.95,44542,Petrol,Dealer,Manual,0,16,2783.875,0.6678293725756554,10.704187843260796,Old
2015,7.45,10.38,45000,Diesel,Dealer,Manual,0,11,4090.909090909091,2.0082140323914683,10.714417768752456,Old
2012,3.1,5.98,51439,Diesel,Dealer,Manual,0,14,3674.214285714286,1.1314021114911006,10.848151918598122,Old
2011,2.35,4.89,54200,Petrol,Dealer,Manual,0,15,3613.3333333333335,0.8544153281560676,10.900436187427738,Old
2014,4.95,7.49,39000,Diesel,Dealer,Manual,0,12,3250.0,1.599387576580599,10.571316925111784,Old
2014,6.0,9.95,45000,Diesel,Dealer,Manual,0,12,3750.0,1.791759469228055,10.714417768752456,Old
2014,5.5,8.06,45000,Diesel,Dealer,Manual,0,12,3750.0,1.7047480922384253,10.714417768752456,Old
2011,2.95,7.74,49998,CNG,Dealer,Manual,0,15,3333.2,1.0818051703517284,10.819738283610262,Old
2015,4.65,7.2,48767,Petrol,Dealer,Manual,0,11,4433.363636363636,1.536867219599265,10.794809133586739,Old
2003,0.35,2.28,127000,Petrol,Individual,Manual,0,23,5521.739130434783,-1.0498221244986778,11.751942365440728,
2016,3.0,3.76,10079,Petrol,Dealer,Manual,0,10,1007.9,1.0986122886681098,9.218209330354878,Medium
2003,2.25,7.98,62000,Petrol,Dealer,Manual,0,23,2695.6521739130435,0.8109302162163288,11.03488966402723,
2016,5.85,7.87,24524,Petrol,Dealer,Automatic,0,10,2452.4,1.766441661243765,10.107407508882579,Medium
2014,2.55,3.98,46706,Petrol,Dealer,Manual,0,12,3892.1666666666665,0.9360933591703348,10.751627915061572,Old
2008,1.95,7.15,58000,Petrol,Dealer,Manual,0,18,3222.222222222222,0.6678293725756554,10.968198289528557,Old
2014,5.5,8.06,45780,Diesel,Dealer,Manual,0,12,3815.0,1.7047480922384253,10.731602593506558,Old
2012,1.25,2.69,50000,Petrol,Dealer,Manual,0,14,3571.4285714285716,0.22314355131420976,10.819778284410283,Old
2014,7.5,12.04,15000,Petrol,Dealer,Automatic,0,12,1250.0,2.0149030205422647,9.615805480084347,Old
2013,2.65,4.89,64532,Petrol,Dealer,Manual,0,13,4964.0,0.9745596399981308,11.074916503786035,Old
2006,1.05,4.15,65000,Petrol,Dealer,Manual,0,20,3250.0,0.04879016416943204,11.082142548877775,Old
2015,5.8,7.71,25870,Petrol,Dealer,Manual,0,11,2351.818181818182,1.7578579175523736,10.160839275180075,Old
2017,7.75,9.29,37000,Petrol,Dealer,Automatic,0,9,4111.111111111111,2.0476928433652555,10.51867319162636,Medium
2012,14.9,30.61,104707,Diesel,Dealer,Automatic,0,14,7479.071428571428,2.7013612129514133,11.558921252312388,Old
2015,23.0,30.61,40000,Diesel,Dealer,Automatic,0,11,3636.3636363636365,3.1354942159291497,10.596634733096073,Old
2017,18.0,19.77,15000,Diesel,Dealer,Automatic,0,9,1666.6666666666667,2.8903717578961645,9.615805480084347,Medium
2013,16.0,30.61,135000,Diesel,Individual,Automatic,0,13,10384.615384615385,2.772588722239781,11.813030057420567,Old
2005,2.75,10.21,90000,Petrol,Individual,Manual,0,21,4285.714285714285,1.0116009116784799,11.407564949312402,
2009,3.6,15.04,70000,Petrol,Dealer,Automatic,0,17,4117.64705882353,1.2809338454620642,11.156250521031495,Old
2015,4.5,7.27,40534,Petrol,Dealer,Manual,0,11,3684.909090909091,1.5040773967762742,10.609896407079258,Old
2010,4.75,18.54,50000,Petrol,Dealer,Manual,0,16,3125.0,1.55814461804655,10.819778284410283,Old
2014,4.1,6.8,39485,Petrol,Dealer,Manual,1,12,3290.4166666666665,1.410986973710262,10.583676131931682,Old
2014,19.99,35.96,41000,Diesel,Dealer,Automatic,0,12,3416.6666666666665,2.995232148512309,10.621327345686446,Old
2013,6.95,18.61,40001,Petrol,Dealer,Manual,0,13,3077.0,1.9387416595767009,10.596659732783579,Old
2015,4.5,7.7,40588,Petrol,Dealer,Manual,0,11,3689.818181818182,1.5040773967762742,10.611227735398973,Old
2014,18.75,35.96,78000,Diesel,Dealer,Automatic,0,12,6500.0,2.9311937524164198,11.26446410567173,Old
2015,23.5,35.96,47000,Diesel,Dealer,Automatic,0,11,4272.727272727273,3.1570004211501135,10.757902880692196,Old
2017,33.0,36.23,6000,Diesel,Dealer,Automatic,0,9,666.6666666666666,3.4965075614664802,8.699514748210191,Medium
2014,4.75,6.95,45000,Diesel,Dealer,Manual,0,12,3750.0,1.55814461804655,10.714417768752456,Old
2017,19.75,23.15,11000,Petrol,Dealer,Automatic,0,9,1222.2222222222222,2.9831534913471307,9.305650551780507,Medium
2010,9.25,20.45,59000,Diesel,Dealer,Manual,0,16,3687.5,2.224623551524334,10.985292722887856,Old
2011,4.35,13.74,88000,Petrol,Dealer,Manual,0,15,5866.666666666667,1.4701758451005926,11.385092093460344,Old
2016,14.25,20.91,12000,Petrol,Dealer,Manual,0,10,1200.0,2.6567569067146595,9.392661928770137,Medium
2014,3.95,6.76,71000,Diesel,Dealer,Manual,0,12,5916.666666666667,1.3737155789130306,11.170435156023453,Old
2011,4.5,12.48,45000,Diesel,Dealer,Manual,0,15,3000.0,1.5040773967762742,10.714417768752456,Old
2013,7.45,18.61,56001,Petrol,Dealer,Manual,0,13,4307.7692307692305,2.0082140323914683,10.933124826700707,Old
2011,2.65,5.71,43000,Petrol,Dealer,Manual,0,15,2866.6666666666665,0.9745596399981308,10.668955394675699,Old
2014,4.9,8.93,83000,Diesel,Dealer,Manual,0,12,6916.666666666667,1.589235205116581,11.326595886778735,Old
2015,3.95,6.8,36000,Petrol,Dealer,Manual,0,11,3272.7272727272725,1.3737155789130306,10.491274217438248,Old
2013,5.5,14.68,72000,Petrol,Dealer,Manual,0,13,5538.461538461538,1.7047480922384253,11.184421397998193,Old
2004,1.5,12.35,135154,Petrol,Dealer,Automatic,0,22,6143.363636363636,0.4054651081081644,11.814170148010977,
2010,5.25,22.83,80000,Petrol,Dealer,Automatic,0,16,5000.0,1.6582280766035324,11.289781913656018,Old
2012,14.5,30.61,89000,Diesel,Dealer,Automatic,0,14,6357.142857142857,2.6741486494265287,11.396391648714276,Old
2016,14.73,14.89,23000,Diesel,Dealer,Manual,0,10,2300.0,2.689886230474539,10.043249494911286,Medium
2015,4.75,7.85,40000,Diesel,Dealer,Manual,0,11,3636.3636363636365,1.55814461804655,10.596634733096073,Old
2017,23.0,25.39,15000,Diesel,Dealer,Automatic,0,9,1666.6666666666667,3.1354942159291497,9.615805480084347,Medium
2015,12.5,13.46,38000,Diesel,Dealer,Manual,0,11,3454.5454545454545,2.5257286443082556,10.545341438708522,Old
2005,3.49,13.46,197176,Diesel,Dealer,Manual,0,21,9389.333333333334,1.2499017362143359,12.191852009890201,
2006,2.5,23.73,142000,Petrol,Individual,Automatic,3,20,7100.0,0.9162907318741551,11.863582336583399,Old
2010,35.0,92.6,78000,Diesel,Dealer,Manual,0,16,4875.0,3.5553480614894135,11.26446410567173,Old
2012,5.9,13.74,56000,Petrol,Dealer,Manual,0,14,4000.0,1.7749523509116738,10.933106969717286,Old
2013,3.45,6.05,47000,Petrol,Dealer,Manual,0,13,3615.3846153846152,1.2383742310432684,10.757902880692196,Old
2014,4.75,6.76,40000,Petrol,Dealer,Manual,0,12,3333.3333333333335,1.55814461804655,10.596634733096073,Old
2009,3.8,18.61,62000,Petrol,Dealer,Manual,0,17,3647.0588235294117,1.33500106673234,11.03488966402723,Old
2014,11.25,16.09,58242,Diesel,Dealer,Manual,0,12,4853.5,2.4203681286504293,10.972362022940281,Old
2005,3.51,13.7,75000,Petrol,Dealer,Manual,0,21,3571.4285714285716,1.2556160374777743,11.225243392518447,
2015,23.0,30.61,40000,Diesel,Dealer,Automatic,0,11,3636.3636363636365,3.1354942159291497,10.596634733096073,Old
2008,4.0,22.78,89000,Petrol,Dealer,Automatic,0,18,4944.444444444444,1.3862943611198906,11.396391648714276,Old
2012,5.85,18.61,72000,Petrol,Dealer,Manual,0,14,5142.857142857143,1.766441661243765,11.184421397998193,Old
2016,20.75,25.39,29000,Diesel,Dealer,Automatic,0,10,2900.0,3.0325462466767075,10.275051108968611,Medium
2017,17.0,18.64,8700,Petrol,Dealer,Manual,0,9,966.6666666666666,2.833213344056216,9.071078304642676,Medium
2013,7.05,18.61,45000,Petrol,Dealer,Manual,0,13,3461.5384615384614,1.9530276168241774,10.714417768752456,Old
2010,9.65,20.45,50024,Diesel,Dealer,Manual,0,16,3126.5,2.2669579153508947,10.820258169247134,Old
2016,1.75,1.9,3000,Petrol,Individual,Manual,0,10,300.0,0.5596157879354227,8.006367567650246,Medium
2017,1.7,1.82,1400,Petrol,Individual,Manual,0,9,155.55555555555554,0.5306282510621704,7.24422751560335,Medium
2017,1.65,1.78,4000,Petrol,Individual,Manual,0,9,444.44444444444446,0.5007752879124892,8.294049640102028,Medium
2017,1.45,1.6,1200,Petrol,Individual,Manual,0,9,133.33333333333334,0.371563556432483,7.090076835776092,Medium
2017,1.35,1.47,4100,Petrol,Individual,Manual,0,9,455.55555555555554,0.30010459245033816,8.318742252692399,Medium
2015,1.35,2.37,21700,Petrol,Individual,Manual,0,11,1972.7272727272727,0.30010459245033816,9.98506753952855,Old
2014,1.35,3.45,16500,Petrol,Individual,Manual,1,12,1375.0,0.30010459245033816,9.711115659888671,Old
2013,1.25,1.5,15000,Petrol,Individual,Manual,0,13,1153.8461538461538,0.22314355131420976,9.615805480084347,Old
2016,1.2,1.5,18000,Petrol,Individual,Manual,0,10,1800.0,0.1823215567939546,9.798127036878302,Medium
2017,1.2,1.47,11000,Petrol,Individual,Manual,0,9,1222.2222222222222,0.1823215567939546,9.305650551780507,Medium
2016,1.2,1.78,6000,Petrol,Individual,Manual,0,10,600.0,0.1823215567939546,8.699514748210191,Medium
2016,1.15,1.5,8700,Petrol,Individual,Manual,0,10,870.0,0.13976194237515863,9.071078304642676,Medium
2014,1.15,2.4,7000,Petrol,Individual,Manual,0,12,583.3333333333334,0.13976194237515863,8.85366542803745,Old
2016,1.15,1.4,35000,Petrol,Individual,Manual,0,10,3500.0,0.13976194237515863,10.46310334047155,Medium
2015,1.15,1.47,17000,Petrol,Individual,Manual,0,11,1545.4545454545455,0.13976194237515863,9.740968623038354,Old
2015,1.11,1.47,17500,Petrol,Individual,Manual,0,11,1590.909090909091,0.10436001532424286,9.769956159911606,Old
2013,1.1,1.47,33000,Petrol,Individual,Manual,0,13,2538.4615384615386,0.09531017980432493,10.404262840448617,Old
2015,1.1,1.9,14000,Petrol,Individual,Manual,0,11,1272.7272727272727,0.09531017980432493,9.546812608597396,Old
2015,1.1,1.47,26000,Petrol,Individual,Manual,0,11,2363.6363636363635,0.09531017980432493,10.165851817003619,Old
2013,1.05,1.9,5400,Petrol,Individual,Manual,0,13,415.38461538461536,0.04879016416943204,8.594154232552366,Old
2016,1.05,1.26,5700,Petrol,Individual,Manual,0,10,570.0,0.04879016416943204,8.648221453822641,Medium
2011,1.05,1.5,6900,Petrol,Individual,Manual,0,15,460.0,0.04879016416943204,8.83927669058535,Old
2016,1.05,1.17,6000,Petrol,Individual,Manual,0,10,600.0,0.04879016416943204,8.699514748210191,Medium
2013,1.0,1.47,46500,Petrol,Individual,Manual,0,13,3576.923076923077,0.0,10.747207591575448,Old
2012,0.95,1.75,11500,Petrol,Individual,Manual,0,14,821.4285714285714,-0.05129329438755058,9.350102314351341,Old
2009,0.9,1.75,40000,Petrol,Individual,Manual,0,17,2352.9411764705883,-0.10536051565782628,10.596634733096073,Old
2017,0.9,0.95,1300,Petrol,Individual,Manual,0,9,144.44444444444446,-0.10536051565782628,7.170119543449628,Medium
2016,0.75,0.8,7000,Petrol,Individual,Manual,0,10,700.0,-0.2876820724517809,8.85366542803745,Medium
2017,0.8,0.87,3000,Petrol,Individual,Manual,0,9,333.3333333333333,-0.2231435513142097,8.006367567650246,Medium
2017,0.78,0.84,5000,Petrol,Individual,Manual,0,9,555.5555555555555,-0.2484613592984996,8.517193191416238,Medium
2017,0.75,0.87,11000,Petrol,Individual,Manual,0,9,1222.2222222222222,-0.2876820724517809,9.305650551780507,Medium
2015,0.75,0.82,18000,Petrol,Individual,Manual,0,11,1636.3636363636363,-0.2876820724517809,9.798127036878302,Old
2017,0.75,0.95,3500,Petrol,Individual,Manual,0,9,388.8888888888889,-0.2876820724517809,8.160518247477505,Medium
2016,0.72,0.95,500,Petrol,Individual,Manual,0,10,50.0,-0.3285040669720361,6.214608098422191,Medium
2017,0.65,0.81,11800,Petrol,Individual,Manual,0,9,1311.111111111111,-0.4307829160924542,9.375854810453756,Medium
2015,0.65,0.74,5000,Petrol,Individual,Manual,0,11,454.54545454545456,-0.4307829160924542,8.517193191416238,Old
2014,0.65,1.2,23500,Petrol,Individual,Manual,0,12,1958.3333333333333,-0.4307829160924542,10.06475570013225,Old
2013,0.65,0.787,16000,Petrol,Individual,Manual,0,13,1230.7692307692307,-0.4307829160924542,9.680344001221918,Old
2016,0.6,0.87,15000,Petrol,Individual,Manual,0,10,1500.0,-0.5108256237659907,9.615805480084347,Medium
2015,0.6,0.95,16600,Petrol,Individual,Manual,0,11,1509.090909090909,-0.5108256237659907,9.717157974344635,Old
2013,0.6,1.2,32000,Petrol,Individual,Manual,0,13,2461.5384615384614,-0.5108256237659907,10.373491181781864,Old
2016,0.6,0.8,20000,Petrol,Individual,Manual,0,10,2000.0,-0.5108256237659907,9.903487552536127,Medium
2015,0.6,0.84,29000,Petrol,Individual,Manual,0,11,2636.3636363636365,-0.5108256237659907,10.275051108968611,Old
2016,0.6,0.84,25000,Petrol,Individual,Manual,0,10,2500.0,-0.5108256237659907,10.126631103850338,Medium
2014,0.6,0.99,25000,Petrol,Individual,Manual,0,12,2083.3333333333335,-0.5108256237659907,10.126631103850338,Old
2012,0.6,0.81,19000,Petrol,Individual,Manual,0,14,1357.142857142857,-0.5108256237659907,9.852194258148577,Old
2014,0.55,0.787,15000,Petrol,Individual,Manual,0,12,1250.0,-0.5978370007556204,9.615805480084347,Old
2015,0.55,0.84,58000,Petrol,Individual,Manual,0,11,5272.727272727273,-0.5978370007556204,10.968198289528557,Old
2010,0.52,0.94,45000,Petrol,Individual,Manual,0,16,2812.5,-0.6539264674066639,10.714417768752456,Old
2016,0.51,0.94,24000,Petrol,Individual,Manual,0,10,2400.0,-0.6733445532637656,10.085809109330082,Medium
2011,0.5,0.826,6000,Petrol,Individual,Manual,0,15,400.0,-0.6931471805599453,8.699514748210191,Old
2016,0.5,0.55,31000,Petrol,Individual,Manual,0,10,3100.0,-0.6931471805599453,10.341742483467284,Medium
2012,0.5,0.99,13000,Petrol,Individual,Manual,0,14,928.5714285714286,-0.6931471805599453,9.472704636443673,Old
2013,0.5,0.99,45000,Petrol,Individual,Manual,0,13,3461.5384615384614,-0.6931471805599453,10.714417768752456,Old
2014,0.5,0.88,8000,Petrol,Individual,Manual,0,12,666.6666666666666,-0.6931471805599453,8.987196820661973,Old
2017,0.48,0.51,4300,Petrol,Individual,Automatic,0,9,477.77777777777777,-0.7339691750802004,8.366370301681654,Medium
2017,0.48,0.52,15000,Petrol,Individual,Manual,0,9,1666.6666666666667,-0.7339691750802004,9.615805480084347,Medium
2015,0.48,0.84,23000,Petrol,Individual,Manual,0,11,2090.909090909091,-0.7339691750802004,10.043249494911286,Old
2017,0.48,0.54,8600,Petrol,Individual,Manual,0,9,955.5555555555555,-0.7339691750802004,9.0595174822416,Medium
2017,0.45,0.51,4000,Petrol,Individual,Automatic,0,9,444.44444444444446,-0.7985076962177716,8.294049640102028,Medium
2011,0.45,0.95,24000,Petrol,Individual,Manual,0,15,1600.0,-0.7985076962177716,10.085809109330082,Old
2014,0.45,0.826,23000,Petrol,Individual,Manual,0,12,1916.6666666666667,-0.7985076962177716,10.043249494911286,Old
2012,0.45,0.99,14500,Petrol,Individual,Manual,0,14,1035.7142857142858,-0.7985076962177716,9.581903928408666,Old
2010,0.45,0.95,27000,Petrol,Individual,Manual,0,16,1687.5,-0.7985076962177716,10.203592144986466,Old
2016,0.45,0.54,14000,Petrol,Individual,Manual,0,10,1400.0,-0.7985076962177716,9.546812608597396,Medium
2016,0.45,0.54,500,Petrol,Individual,Automatic,0,10,50.0,-0.7985076962177716,6.214608098422191,Medium
2016,0.45,0.55,1000,Petrol,Individual,Manual,0,10,100.0,-0.7985076962177716,6.907755278982137,Medium
2014,0.42,0.81,42000,Petrol,Individual,Manual,0,12,3500.0,-0.8675005677047231,10.645424897265505,Old
2013,0.42,0.73,12000,Petrol,Individual,Manual,0,13,923.0769230769231,-0.8675005677047231,9.392661928770137,Old
2015,0.4,0.54,14000,Petrol,Individual,Manual,0,11,1272.7272727272727,-0.916290731874155,9.546812608597396,Old
2012,0.4,0.83,5500,Petrol,Individual,Manual,0,14,392.85714285714283,-0.916290731874155,8.612503371220562,Old
2015,0.4,0.55,6700,Petrol,Individual,Manual,0,11,609.0909090909091,-0.916290731874155,8.809862805379057,Old
2014,0.4,0.64,13700,Petrol,Individual,Manual,0,12,1141.6666666666667,-0.916290731874155,9.525151111816216,Old
2017,0.4,0.51,1300,Petrol,Individual,Automatic,0,9,144.44444444444446,-0.916290731874155,7.170119543449628,Medium
2015,0.38,0.72,38600,Petrol,Individual,Manual,0,11,3509.090909090909,-0.9675840262617056,10.561007555452923,Old
2011,0.38,0.787,75000,Petrol,Individual,Manual,0,15,5000.0,-0.9675840262617056,11.225243392518447,Old
2011,0.35,1.05,30000,Petrol,Individual,Manual,0,15,2000.0,-1.0498221244986778,10.308952660644293,Old
2016,0.35,0.57,24000,Petrol,Individual,Automatic,0,10,2400.0,-1.0498221244986778,10.085809109330082,Medium
2014,0.35,0.52,19000,Petrol,Individual,Automatic,0,12,1583.3333333333333,-1.0498221244986778,9.852194258148577,Old
2010,0.31,1.05,213000,Petrol,Individual,Manual,0,16,13312.5,-1.171182981502945,12.269047444691562,Old
2012,0.3,0.51,60000,Petrol,Individual,Manual,0,14,4285.714285714285,-1.2039728043259361,11.002099841204238,Old
2016,0.3,0.48,50000,Petrol,Individual,Manual,0,10,5000.0,-1.2039728043259361,10.819778284410283,Medium
2013,0.3,0.58,30000,Petrol,Individual,Manual,0,13,2307.6923076923076,-1.2039728043259361,10.308952660644293,Old
2013,0.27,0.47,21000,Petrol,Individual,Manual,0,13,1615.3846153846155,-1.3093333199837622,9.95227771670556,Old
2008,0.25,0.75,26000,Petrol,Individual,Manual,1,18,1444.4444444444443,-1.3862943611198906,10.165851817003619,Old
2008,0.25,0.58,1900,Petrol,Individual,Automatic,0,18,105.55555555555556,-1.3862943611198906,7.549609165154532,Old
2010,0.25,0.52,22000,Petrol,Individual,Automatic,0,16,1375.0,-1.3862943611198906,9.998797732340453,Old
2013,0.25,0.51,32000,Petrol,Individual,Manual,0,13,2461.5384615384614,-1.3862943611198906,10.373491181781864,Old
2013,0.25,0.57,18000,Petrol,Individual,Manual,0,13,1384.6153846153845,-1.3862943611198906,9.798127036878302,Old
2005,0.2,0.57,55000,Petrol,Individual,Manual,0,21,2619.0476190476193,-1.6094379124341003,10.915088464214607,
2008,0.2,0.75,60000,Petrol,Individual,Manual,0,18,3333.3333333333335,-1.6094379124341003,11.002099841204238,Old
2012,0.2,0.57,25000,Petrol,Individual,Manual,1,14,1785.7142857142858,-1.6094379124341003,10.126631103850338,Old
2007,0.2,0.75,49000,Petrol,Individual,Manual,1,19,2578.9473684210525,-1.6094379124341003,10.799575577092764,Old
2013,0.2,0.65,24000,Petrol,Individual,Manual,1,13,1846.1538461538462,-1.6094379124341003,10.085809109330082,Old
2008,0.2,0.787,50000,Petrol,Individual,Manual,0,18,2777.777777777778,-1.6094379124341003,10.819778284410283,Old
2015,0.18,0.32,35000,Petrol,Individual,Manual,0,11,3181.818181818182,-1.7147984280919266,10.46310334047155,Old
2008,0.17,0.52,500000,Petrol,Individual,Automatic,0,18,27777.777777777777,-1.7719568419318752,13.122363377404328,Old
2010,0.16,0.51,33000,Petrol,Individual,Manual,0,16,2062.5,-1.8325814637483102,10.404262840448617,Old
2011,0.15,0.57,35000,Petrol,Individual,Manual,1,15,2333.3333333333335,-1.8971199848858813,10.46310334047155,Old
2007,0.12,0.58,53000,Petrol,Individual,Manual,0,19,2789.4736842105262,-2.120263536200091,10.87804719253426,Old
2006,0.1,0.75,92233,Petrol,Individual,Manual,0,20,4611.65,-2.3025850929940455,11.432073263077971,Old
2010,3.25,6.79,58000,Diesel,Dealer,Manual,1,16,3625.0,1.1786549963416462,10.968198289528557,Old
2015,4.4,5.7,28200,Petrol,Dealer,Manual,0,11,2563.6363636363635,1.4816045409242156,10.247077256926206,Old
2011,2.95,4.6,53460,Petrol,Dealer,Manual,0,15,3564.0,1.0818051703517284,10.88668898969291,Old
2015,2.75,4.43,28282,Petrol,Dealer,Manual,0,11,2571.090909090909,1.0116009116784799,10.249980838867721,Old
2016,5.25,5.7,3493,Petrol,Dealer,Manual,1,10,349.3,1.6582280766035324,8.158516244806831,Medium
2017,5.75,7.13,12479,Petrol,Dealer,Manual,0,9,1386.5555555555557,1.749199854809259,9.431802510507854,Medium
2015,5.15,5.7,34797,Petrol,Dealer,Automatic,0,11,3163.3636363636365,1.6389967146756448,10.457286455149985,Old
2017,7.9,8.1,3435,Petrol,Dealer,Manual,0,9,381.6666666666667,2.066862759472976,8.14177220465645,Medium
2015,4.85,5.7,21125,Diesel,Dealer,Manual,0,11,1920.4545454545455,1.5789787049493917,9.958212452225375,Old
2012,3.1,4.6,35775,Petrol,Dealer,Manual,0,14,2555.3571428571427,1.1314021114911006,10.485004604424653,Old
2015,11.75,14.79,43535,Diesel,Dealer,Manual,0,11,3957.7272727272725,2.463853240590168,10.681320491262715,Old
2016,11.25,13.6,22671,Petrol,Dealer,Manual,0,10,2267.1,2.4203681286504293,10.02884185368883,Medium
2011,2.9,6.79,31604,Petrol,Dealer,Manual,0,15,2106.9333333333334,1.0647107369924282,10.361038973842623,Old
2017,5.25,5.7,20114,Petrol,Dealer,Manual,0,9,2234.8888888888887,1.6582280766035324,9.909171369004426,Medium
2012,4.5,9.4,36100,Petrol,Dealer,Manual,0,14,2578.5714285714284,1.5040773967762742,10.494048144320972,Old
2016,2.9,4.43,12500,Petrol,Dealer,Manual,0,10,1250.0,1.0647107369924282,9.433483923290392,Medium
2016,3.15,4.43,15000,Petrol,Dealer,Manual,0,10,1500.0,1.1474024528375417,9.615805480084347,Medium
2014,6.45,9.4,45078,Petrol,Dealer,Manual,0,12,3756.5,1.864080130807681,10.716149601597216,Old
2012,4.5,9.4,36000,Petrol,Dealer,Manual,0,14,2571.4285714285716,1.5040773967762742,10.491274217438248,Old
2017,3.5,4.43,38488,Petrol,Dealer,Manual,0,9,4276.444444444444,1.252762968495368,10.55810178337929,Medium
2013,4.5,6.79,32000,Petrol,Dealer,Automatic,0,13,2461.5384615384614,1.5040773967762742,10.373491181781864,Old
2014,6.0,7.6,77632,Diesel,Dealer,Manual,0,12,6469.333333333333,1.791759469228055,11.259734992303722,Old
2015,8.25,9.4,61381,Diesel,Dealer,Manual,0,11,5580.090909090909,2.1102132003465894,11.02485561999279,Old
2013,5.11,9.4,36198,Petrol,Dealer,Automatic,0,13,2784.4615384615386,1.631199404215613,10.496759147668817,Old
2011,2.7,4.6,22517,Petrol,Dealer,Manual,0,15,1501.1333333333334,0.9932517730102834,10.02202585845966,Old
2015,5.25,5.7,24678,Petrol,Dealer,Manual,0,11,2243.4545454545455,1.6582280766035324,10.11366743745848,Old
2011,2.55,4.43,57000,Petrol,Dealer,Manual,0,15,3800.0,0.9360933591703348,10.950806546816688,Old
2012,4.95,9.4,60000,Diesel,Dealer,Manual,0,14,4285.714285714285,1.599387576580599,11.002099841204238,Old
2012,3.1,6.79,52132,Diesel,Dealer,Manual,0,14,3723.714285714286,1.1314021114911006,10.86153424265061,Old
2013,6.15,9.4,45000,Diesel,Dealer,Manual,0,13,3461.5384615384614,1.8164520818184267,10.714417768752456,Old
2017,9.25,9.4,15001,Petrol,Dealer,Manual,0,9,1666.7777777777778,2.224623551524334,9.61587214452889,Medium
2015,11.45,14.79,12900,Petrol,Dealer,Automatic,0,11,1172.7272727272727,2.4379897300002487,9.464982590349763,Old
2013,3.9,5.7,53000,Diesel,Dealer,Manual,0,13,4076.923076923077,1.3609765531356006,10.87804719253426,Old
2015,5.5,5.7,4492,Petrol,Dealer,Manual,0,11,408.3636363636364,1.7047480922384253,8.410053315858335,Old
2017,9.1,9.4,15141,Petrol,Dealer,Manual,0,9,1682.3333333333333,2.2082744135228043,9.625161575008372,Medium
2016,3.1,4.43,11849,Petrol,Dealer,Manual,0,10,1184.9,1.1314021114911006,9.37999875481674,Medium
2015,11.25,13.6,68000,Diesel,Dealer,Manual,0,11,6181.818181818182,2.4203681286504293,11.127262984158243,Old
2013,4.8,9.4,60241,Petrol,Dealer,Manual,0,13,4633.923076923077,1.5686159179138452,11.006108462601597,Old
2012,2.0,4.43,23709,Petrol,Dealer,Manual,0,14,1693.5,0.6931471805599453,10.073610001873085,Old
2012,5.35,9.4,32322,Diesel,Dealer,Manual,0,14,2308.714285714286,1.6770965609079151,10.383503391908588,Old
2015,4.75,7.13,35866,Petrol,Dealer,Manual,1,11,3260.5454545454545,1.55814461804655,10.48754505050837,Old
2014,4.4,7.13,34000,Petrol,Dealer,Manual,0,12,2833.3333333333335,1.4816045409242156,10.4341158035983,Old
2016,6.25,7.6,7000,Petrol,Dealer,Manual,0,10,700.0,1.8325814637483102,8.85366542803745,Medium
2013,5.95,9.4,49000,Diesel,Dealer,Manual,0,13,3769.230769230769,1.7833912195575383,10.799575577092764,Old
2012,5.2,9.4,71000,Diesel,Dealer,Manual,0,14,5071.428571428572,1.6486586255873816,11.170435156023453,Old
2012,3.75,6.79,35000,Petrol,Dealer,Manual,0,14,2500.0,1.3217558399823195,10.46310334047155,Old
2015,5.95,9.4,36000,Petrol,Dealer,Manual,0,11,3272.7272727272725,1.7833912195575383,10.491274217438248,Old
2013,4.0,4.6,30000,Petrol,Dealer,Manual,0,13,2307.6923076923076,1.3862943611198906,10.308952660644293,Old
2016,5.25,7.6,17000,Petrol,Dealer,Manual,0,10,1700.0,1.6582280766035324,9.740968623038354,Medium
2016,12.9,13.6,35934,Diesel,Dealer,Manual,0,10,3593.4,2.5572273113676265,10.489439201492518,Medium
2013,5.0,9.9,56701,Petrol,Dealer,Manual,0,13,4361.615384615385,1.6094379124341003,10.945547126244623,Old
2015,5.4,6.82,31427,Petrol,Dealer,Automatic,0,11,2857.0,1.6863989535702288,10.355422675029144,Old
2014,7.2,9.9,48000,Diesel,Dealer,Manual,0,12,4000.0,1.9740810260220096,10.778956289890028,Old
2013,5.25,9.9,54242,Petrol,Dealer,Manual,0,13,4172.461538461538,1.6582280766035324,10.90121079509082,Old
2012,3.0,5.35,53675,Petrol,Dealer,Manual,0,14,3833.9285714285716,1.0986122886681098,10.890702622746982,Old
2016,10.25,13.6,49562,Petrol,Dealer,Manual,0,10,4956.2,2.327277705584417,10.810979690053934,Medium
2015,8.5,13.6,40324,Petrol,Dealer,Manual,0,11,3665.818181818182,2.1400661634962708,10.604702104173832,Old
2015,8.4,13.6,25000,Petrol,Dealer,Manual,0,11,2272.7272727272725,2.128231705849268,10.126631103850338,Old
2014,3.9,7.0,36054,Petrol,Dealer,Manual,0,12,3004.5,1.3609765531356006,10.492773093561983,Old
2016,9.15,13.6,29223,Petrol,Dealer,Manual,0,10,2922.3,2.21375387928743,10.282711349439065,Medium
2016,5.5,5.97,5600,Petrol,Dealer,Manual,0,10,560.0,1.7047480922384253,8.630521876723241,Medium
2015,4.0,5.8,40023,Petrol,Dealer,Manual,0,11,3638.4545454545455,1.3862943611198906,10.597209567846916,Old
2016,6.6,7.7,16002,Petrol,Dealer,Manual,0,10,1600.2,1.8870696490323797,9.68046899341007,Medium
2015,4.0,7.0,40026,Petrol,Dealer,Manual,0,11,3638.7272727272725,1.3862943611198906,10.59728452193757,Old
2017,6.5,8.7,21200,Petrol,Dealer,Manual,0,9,2355.5555555555557,1.8718021769015913,9.961756460660103,Medium
2014,3.65,7.0,35000,Petrol,Dealer,Manual,0,12,2916.6666666666665,1.2947271675944,10.46310334047155,Old
2016,8.35,9.4,19434,Diesel,Dealer,Manual,0,10,1943.4,2.122261538862764,9.874779388399384,Medium
2017,4.8,5.8,19000,Petrol,Dealer,Manual,0,9,2111.1111111111113,1.5686159179138452,9.852194258148577,Medium
2015,6.7,10.0,18828,Petrol,Dealer,Manual,0,11,1711.6363636363637,1.9021075263969205,9.843100402521033,Old
2011,4.1,10.0,69341,Petrol,Dealer,Manual,0,15,4622.733333333334,1.410986973710262,11.146791640825246,Old
2009,3.0,10.0,69562,Petrol,Dealer,Manual,0,17,4091.8823529411766,1.0986122886681098,11.149973720211296,Old
2015,7.5,10.0,27600,Petrol,Dealer,Manual,0,11,2509.090909090909,2.0149030205422647,10.225571051705241,Old
2010,2.25,7.5,61203,Petrol,Dealer,Manual,0,16,3825.1875,0.8109302162163288,11.021951486906838,Old
2014,5.3,6.8,16500,Petrol,Dealer,Manual,0,12,1375.0,1.667706820558076,9.711115659888671,Old
2016,10.9,13.6,30753,Petrol,Dealer,Automatic,0,10,3075.3,2.388762789235098,10.333742829451511,Medium
2015,8.65,13.6,24800,Petrol,Dealer,Manual,0,11,2254.5454545454545,2.157559320943788,10.118598932153073,Old
2015,9.7,13.6,21780,Petrol,Dealer,Manual,0,11,1980.0,2.272125885509337,9.988747396486952,Old
2016,6.0,8.4,4000,Petrol,Dealer,Manual,0,10,400.0,1.791759469228055,8.294049640102028,Medium
2014,6.25,13.6,40126,Petrol,Dealer,Manual,0,12,3343.8333333333335,1.8325814637483102,10.599779782240146,Old
2015,5.25,5.9,14465,Petrol,Dealer,Manual,0,11,1315.0,1.6582280766035324,9.579487217410236,Old
2006,2.1,7.6,50456,Petrol,Dealer,Manual,0,20,2522.8,0.7419373447293773,10.828856948343487,Old
2014,8.25,14.0,63000,Diesel,Dealer,Manual,0,12,5250.0,2.1102132003465894,11.05089000537367,Old
2016,8.99,11.8,9010,Petrol,Dealer,Manual,0,10,901.0,2.196112848483529,9.106090350602384,Medium
2013,3.5,5.9,9800,Petrol,Dealer,Manual,0,13,753.8461538461538,1.252762968495368,9.190137664658664,Old
2016,7.4,8.5,15059,Petrol,Dealer,Automatic,0,10,1505.9,2.0014800002101243,9.61973109808682,Medium
2016,5.65,7.9,28569,Petrol,Dealer,Manual,0,10,2856.9,1.7316555451583497,10.260077492862155,Medium
2015,5.75,7.5,44000,Petrol,Dealer,Automatic,0,11,4000.0,1.749199854809259,10.691944912900398,Old
2015,8.4,13.6,34000,Petrol,Dealer,Manual,0,11,3090.909090909091,2.128231705849268,10.4341158035983,Old
2016,10.11,13.6,10980,Petrol,Dealer,Manual,0,10,1098.0,2.3135250330323798,9.30383071506352,Medium
2014,4.5,6.4,19000,Petrol,Dealer,Manual,0,12,1583.3333333333333,1.5040773967762742,9.852194258148577,Old
2015,5.4,6.1,31427,Petrol,Dealer,Manual,0,11,2857.0,1.6863989535702288,10.355422675029144,Old
2016,6.4,8.4,12000,Petrol,Dealer,Manual,0,10,1200.0,1.8562979903656263,9.392661928770137,Medium
2010,3.25,9.9,38000,Petrol,Dealer,Manual,0,16,2375.0,1.1786549963416462,10.545341438708522,Old
2014,3.75,6.8,33019,Petrol,Dealer,Manual,0,12,2751.5833333333335,1.3217558399823195,10.404838432339576,Old
2015,8.55,13.09,60076,Diesel,Dealer,Manual,0,11,5461.454545454545,2.145931282948669,11.003365706325472,Old
2016,9.5,11.6,33988,Diesel,Dealer,Manual,0,10,3398.8,2.2512917986064953,10.433762800123432,Medium
2015,4.0,5.9,60000,Petrol,Dealer,Manual,0,11,5454.545454545455,1.3862943611198906,11.002099841204238,Old
2009,3.35,11.0,87934,Petrol,Dealer,Manual,0,17,5172.588235294118,1.208960345836975,11.38434181206964,Old
2017,11.5,12.5,9000,Diesel,Dealer,Manual,0,9,1000.0,2.4423470353692043,9.104979856318357,Medium
2016,5.3,5.9,5464,Petrol,Dealer,Manual,0,10,546.4,1.667706820558076,8.605936401250625,Medium
